Workbook

Sheet README
A1: Straight bonds: price anchors, duration, spread, and curve risk
A4: Load quantsupport.xll in 64-bit Windows Excel, then open this workbook and press Ctrl+Alt+F9.
A5: Blue cells are editable inputs. Rates and spreads are annual decimals; dates are ISO text.
A6: Compare the same fixed bond anchored at zero Z-spread, 100 bp Z-spread, and clean price 100.
A7: QS.RESULT.VALUE is monetary PV; CleanPrice/DirtyPrice anchors use quotation units per 100 face.
A8: Duration is yield-modified duration. Spread derivatives and curve derivatives retain their actual units.
A9: These are illustrative assumptions, following the questions explored in the Python notebook studies.
A10: Table functions end with transpose,headers. Defaults are FALSE,TRUE; TRUE,FALSE transposes without headers.

Sheet Market
A3: Market reference date | B3: 2026-02-24 | E3: Quote store | F3: {=_xll.QS.QUOTES.CREATE("Bonds.Quotes",B3)} -> 0
E4: Configuration store | F4: {=_xll.QS.CURVE.CONFIGS.CREATE("Bonds.Curves")} -> 0
A5: Pillar | B5: Continuous zero rate
A6: 0D | B6: 0.03 | E6: Discount curve configuration | F6: {=_xll.QS.CURVE.CONFIGS.ADD.ZERO(F4,"SOFR","Actual360","Linear",TRUE,A6:A10,B6:B10,"Continuous","Annual")} -> 0
A7: 5Y | B7: 0.03
A8: 10Y | B8: 0.032
A9: 30Y | B9: 0.034
A10: 35Y | B10: 0.035
E11: Initialized pricing context | F11: {=_xll.QS.CONTEXT.CREATE("Bonds.Context",F3,F6,,,,,,,,,,"USD","SOFR")} -> 0
E12: Discount curve handle | F12: {=_xll.QS.CURVE.GET(F11,"SOFR")} -> 0
A14: Change a zero-rate pillar and inspect prices, cashflows, and raw sensitivities.
F15: {=_xll.QS.DISCOUNT.POLICY.FIXED.INCOME("Bonds.Policy",H15:I15)} -> 0 | H15: USD | I15: SOFR
F16: {=_xll.QS.PRICER.CREATE("Bonds.Pricer","BondPricer",F15)} -> 0
H20: Value
H21: ModifiedDuration
H22: ZSpread
H23: Cashflows
H24: Sensitivities

Sheet Bond Inputs
A4: Start | B4: 2026-02-24 | D4: {=_xll.QS.INSTRUMENT.FIXED.BOND("Bonds.Instrument",B4,B5,"USD","",B6,B7,"Actual360","Compounded","Semiannual","Semiannual")} -> 0
A5: Maturity | B5: 2036-02-24
A6: Notional | B6: 1000000
A7: Coupon | B7: 0.04

Sheet Valuation
A4: Anchor | B4: Anchor value | C4: Trade | D4: PV (USD) | E4: Modified duration | F4: Z-spread | G4: Evaluation results
A5: ZSpread | B5: 0 | C5: {=_xll.QS.TRADE.CREATE("Bonds.Case5",'Bond Inputs'!$D$4,Market!$B$3,"Receive",,,A5,B5)} -> 0 | D5: {=_xll.QS.RESULT.VALUE(G5)} -> 0 | E5: {=_xll.QS.RESULT.MODIFIED.DURATION(G5)} -> 0 | F5: {=_xll.QS.RESULT.Z.SPREAD(G5)} -> 0 | G5: {=_xll.QS.EVALUATE("Bonds.Results5",Market!$F$16,C5,Market!$F$11,Market!$H$20:$H$24)} -> 0
A6: ZSpread | B6: 0.01 | C6: {=_xll.QS.TRADE.CREATE("Bonds.Case6",'Bond Inputs'!$D$4,Market!$B$3,"Receive",,,A6,B6)} -> 0 | D6: {=_xll.QS.RESULT.VALUE(G6)} -> 0 | E6: {=_xll.QS.RESULT.MODIFIED.DURATION(G6)} -> 0 | F6: {=_xll.QS.RESULT.Z.SPREAD(G6)} -> 0 | G6: {=_xll.QS.EVALUATE("Bonds.Results6",Market!$F$16,C6,Market!$F$11,Market!$H$20:$H$24)} -> 0
A7: CleanPrice | B7: 100 | C7: {=_xll.QS.TRADE.CREATE("Bonds.Case7",'Bond Inputs'!$D$4,Market!$B$3,"Receive",,,A7,B7)} -> 0 | D7: {=_xll.QS.RESULT.VALUE(G7)} -> 0 | E7: {=_xll.QS.RESULT.MODIFIED.DURATION(G7)} -> 0 | F7: {=_xll.QS.RESULT.Z.SPREAD(G7)} -> 0 | G7: {=_xll.QS.EVALUATE("Bonds.Results7",Market!$F$16,C7,Market!$F$11,Market!$H$20:$H$24)} -> 0

Sheet Cashflows
A4: {=_xll.QS.RESULT.CASHFLOWS(Valuation!G5)} -> 0

Sheet Risk
E2: Same data without headers, transposed
A4: {=_xll.QS.RESULT.SENSITIVITIES(Valuation!G6)} -> 0 | E4: {=_xll.QS.RESULT.SENSITIVITIES(Valuation!G6,TRUE,FALSE)} -> 0
