Workbook
Name Interpolation_Analytic: '2 Interpolation'!$B$19
Name Interpolation_B10: '2 Interpolation'!$B$10
Name Interpolation_B11: '2 Interpolation'!$B$11
Name Interpolation_B12: '2 Interpolation'!$B$12
Name Interpolation_B13: '2 Interpolation'!$B$13
Name Interpolation_B7: '2 Interpolation'!$B$7
Name Interpolation_B8: '2 Interpolation'!$B$8
Name Interpolation_B9: '2 Interpolation'!$B$9
Name Interpolation_Bilinear: '2 Interpolation'!$B$18
Name Interpolation_C10: '2 Interpolation'!$C$10
Name Interpolation_C11: '2 Interpolation'!$C$11
Name Interpolation_C12: '2 Interpolation'!$C$12
Name Interpolation_C13: '2 Interpolation'!$C$13
Name Interpolation_C7: '2 Interpolation'!$C$7
Name Interpolation_C8: '2 Interpolation'!$C$8
Name Interpolation_C9: '2 Interpolation'!$C$9
Name Interpolation_Calendar: '1 Inputs'!$B$38
Name Interpolation_Convention: '1 Inputs'!$B$39
Name Interpolation_D10: '2 Interpolation'!$D$10
Name Interpolation_D11: '2 Interpolation'!$D$11
Name Interpolation_D12: '2 Interpolation'!$D$12
Name Interpolation_D13: '2 Interpolation'!$D$13
Name Interpolation_D7: '2 Interpolation'!$D$7
Name Interpolation_D8: '2 Interpolation'!$D$8
Name Interpolation_D9: '2 Interpolation'!$D$9
Name Interpolation_Difference: '2 Interpolation'!$B$20
Name Interpolation_End: '1 Inputs'!$B$36
Name Interpolation_Factors: '1 Inputs'!$B$7:$B$11
Name Interpolation_Frequency: '1 Inputs'!$B$37
Name Interpolation_QueryX: '1 Inputs'!$B$31
Name Interpolation_QueryY: '1 Inputs'!$B$32
Name Interpolation_Start: '1 Inputs'!$B$35
Name Interpolation_SurfaceValues: '1 Inputs'!$C$25:$C$28
Name Interpolation_SurfaceX: '1 Inputs'!$A$25:$A$28
Name Interpolation_SurfaceY: '1 Inputs'!$B$25:$B$28
Name Interpolation_Times: '1 Inputs'!$A$7:$A$11

Sheet Start Here
A1: Interpolation and schedules · see what changes
A3: Compare three native one-dimensional methods, verify a bilinear surface, then inspect date-list layouts.
A6: Before you start: load quantsupport.xll in 64-bit Windows Excel, then press Ctrl+Alt+F9. Results are blank until Excel calculates. Dates are ISO text; enter 4% as 0.04.
A9: Follow the numbered tabs from left to right
A10: 1 | B10: 1 Inputs | D10: Edit curve nodes, query points, surface coordinates and dates.
A11: 2 | B11: 2 Interpolation | D11: Compare methods and check the bilinear example.
A12: 3 | B12: 3 Schedules | D12: Compare unadjusted, adjusted and transposed date lists.
A15: Cell colours
A16: Blue · edit | D16: Assumptions and choices you can change.
A17: Green · read | D17: Financial results calculated by the add-in.
A18: Grey · build | D18: Object references on the Build tab. Each step shows its Excel formula below.
A20: Try this first
A21: 1. Change one positive discount-factor node and compare the three methods.
A22: 2. Move the bilinear query and compare the native and analytic values.
A23: 3. Compare the same schedule before and after TARGET / Following adjustment.
A25: Use Ctrl+A after a function name for parameter help. Inline hints use the optional Excel-DNA IntelliSense companion. The example assumptions are illustrative; tables and results use the native Rust pricers.

Sheet 1 Inputs
A1: Numerical inputs
A2: Blue cells are editable. Positive discount factors support log-linear interpolation. The bilinear surface is 2 + x + 3y + xy.
A4: ← Start Here | C4: Next → 2 Interpolation
A6: Time | B6: Discount factor
A7: 0 | B7: 1
A8: 1 | B8: 0.97
A9: 3 | B9: 0.91
A10: 5 | B10: 0.85
A11: 10 | B11: 0.7
A14: Query point
A15: 0
A16: 0.5
A17: 1
A18: 2
A19: 4
A20: 7
A21: 10
A24: Surface x | B24: Surface y | C24: Surface value
A25: 0 | B25: 0 | C25: =2+A25+3*B25+A25*B25
A26: 0 | B26: 2 | C26: =2+A26+3*B26+A26*B26
A27: 1 | B27: 0 | C27: =2+A27+3*B27+A27*B27
A28: 1 | B28: 2 | C28: =2+A28+3*B28+A28*B28
A31: Query x | B31: 0.4 | C31: Used by the corresponding result tab.
A32: Query y | B32: 0.7 | C32: Used by the corresponding result tab.
A35: Schedule start | B35: 2026-02-28 | C35: Used by the corresponding result tab.
A36: Schedule end | B36: 2027-02-28 | C36: Used by the corresponding result tab.
A37: Frequency | B37: Quarterly | C37: Used by the corresponding result tab.
A38: Calendar | B38: TARGET | C38: Used by the corresponding result tab.
A39: Business-day convention | B39: Following | C39: Used by the corresponding result tab.

Sheet 2 Interpolation
A1: Compare native interpolation methods
A2: The same nodes feed all three methods. Query points must stay inside the node range because extrapolation is disabled.
A4: ← Start Here | D4: Next → 3 Schedules
A6: Query point | B6: Linear | C6: Log-linear | D6: Cubic spline
A7: ='1 Inputs'!A15 | B7: {=_xll.QS.INTERPOLATE.LINEAR(A7,Interpolation_Times,Interpolation_Factors,FALSE)} | C7: {=_xll.QS.INTERPOLATE.LOG.LINEAR(A7,Interpolation_Times,Interpolation_Factors,FALSE)} | D7: {=_xll.QS.INTERPOLATE.CUBIC.SPLINE(A7,Interpolation_Times,Interpolation_Factors,FALSE)}
A8: ='1 Inputs'!A16 | B8: {=_xll.QS.INTERPOLATE.LINEAR(A8,Interpolation_Times,Interpolation_Factors,FALSE)} | C8: {=_xll.QS.INTERPOLATE.LOG.LINEAR(A8,Interpolation_Times,Interpolation_Factors,FALSE)} | D8: {=_xll.QS.INTERPOLATE.CUBIC.SPLINE(A8,Interpolation_Times,Interpolation_Factors,FALSE)}
A9: ='1 Inputs'!A17 | B9: {=_xll.QS.INTERPOLATE.LINEAR(A9,Interpolation_Times,Interpolation_Factors,FALSE)} | C9: {=_xll.QS.INTERPOLATE.LOG.LINEAR(A9,Interpolation_Times,Interpolation_Factors,FALSE)} | D9: {=_xll.QS.INTERPOLATE.CUBIC.SPLINE(A9,Interpolation_Times,Interpolation_Factors,FALSE)}
A10: ='1 Inputs'!A18 | B10: {=_xll.QS.INTERPOLATE.LINEAR(A10,Interpolation_Times,Interpolation_Factors,FALSE)} | C10: {=_xll.QS.INTERPOLATE.LOG.LINEAR(A10,Interpolation_Times,Interpolation_Factors,FALSE)} | D10: {=_xll.QS.INTERPOLATE.CUBIC.SPLINE(A10,Interpolation_Times,Interpolation_Factors,FALSE)}
A11: ='1 Inputs'!A19 | B11: {=_xll.QS.INTERPOLATE.LINEAR(A11,Interpolation_Times,Interpolation_Factors,FALSE)} | C11: {=_xll.QS.INTERPOLATE.LOG.LINEAR(A11,Interpolation_Times,Interpolation_Factors,FALSE)} | D11: {=_xll.QS.INTERPOLATE.CUBIC.SPLINE(A11,Interpolation_Times,Interpolation_Factors,FALSE)}
A12: ='1 Inputs'!A20 | B12: {=_xll.QS.INTERPOLATE.LINEAR(A12,Interpolation_Times,Interpolation_Factors,FALSE)} | C12: {=_xll.QS.INTERPOLATE.LOG.LINEAR(A12,Interpolation_Times,Interpolation_Factors,FALSE)} | D12: {=_xll.QS.INTERPOLATE.CUBIC.SPLINE(A12,Interpolation_Times,Interpolation_Factors,FALSE)}
A13: ='1 Inputs'!A21 | B13: {=_xll.QS.INTERPOLATE.LINEAR(A13,Interpolation_Times,Interpolation_Factors,FALSE)} | C13: {=_xll.QS.INTERPOLATE.LOG.LINEAR(A13,Interpolation_Times,Interpolation_Factors,FALSE)} | D13: {=_xll.QS.INTERPOLATE.CUBIC.SPLINE(A13,Interpolation_Times,Interpolation_Factors,FALSE)}
A17: Bilinear surface | B17: Calculated value
A18: Native interpolation | B18: {=_xll.QS.INTERPOLATE.BILINEAR(Interpolation_QueryX,Interpolation_QueryY,Interpolation_SurfaceX,Interpolation_SurfaceY,Interpolation_SurfaceValues,"Reject")}
A19: Analytic value | B19: =2+Interpolation_QueryX+3*Interpolation_QueryY+Interpolation_QueryX*Interpolation_QueryY
A20: Difference | B20: =Interpolation_Bilinear-Interpolation_Analytic

Sheet 3 Schedules
A1: The same schedule in different layouts
A2: Both date columns use the same start, end and frequency. The adjusted list adds TARGET / Following. Lists have no headers; transpose changes orientation only.
A4: ← Start Here
A6: Unadjusted | C6: TARGET / Following
A7: {=_xll.QS.SCHEDULE(Interpolation_Start,Interpolation_End,Interpolation_Frequency)} | C7: {=_xll.QS.SCHEDULE.ADJUSTED(Interpolation_Start,Interpolation_End,Interpolation_Frequency,Interpolation_Calendar,Interpolation_Convention)}
A16: The unadjusted list transposed into one row
A17: {=_xll.QS.SCHEDULE(Interpolation_Start,Interpolation_End,Interpolation_Frequency,TRUE)}
